"9110200705009","OTHER",,"Lit Adulte - Lit à sommier tapissier avec matelas moelleux - Meuble de Chambre à Coucher - Noir 180x200 cm Tissu -MN28763","1706101081492","AT","GTIN_13","1","673.99","2.6959600000000004","EUR","",""
"9110200704170","OTHER",,"Lit Adulte - Lit à sommier tapissier avec matelas moelleux - Meuble de Chambre à Coucher - Noir 160x200 cm Tissu -MN83316","1706101081497","AT","GTIN_13","1","563.99","2.25596","EUR","",""
"9110200704187","OTHER",,"Lit Adulte - Lit à sommier tapissier avec matelas moelleux - Meuble de Chambre à Coucher - Noir 160x200 cm Tissu -MN90540","1706101081500","AT","GTIN_13","1","640.99","2.5639600000000002","EUR","",""
"9110200704620","OTHER",,"Lit Adulte - Lit à sommier tapissier avec matelas moelleux - Meuble de Chambre à Coucher - Noir 160x200 cm Tissu -MN59666","1706101081491","AT","GTIN_13","1","654.99","2.6199600000000003","EUR","",""
"9110200705030","OTHER",,"Lit Adulte - Lit à sommier tapissier avec matelas moelleux - Meuble de Chambre à Coucher - Noir 180x200 cm Tissu -MN42472","1706101081499","AT","GTIN_13","1","693.99","2.7759600000000004","EUR","",""
"9110200701490","OTHER",,"Lit Adulte - Lit à sommier tapissier avec matelas moelleux - Meuble de Chambre à Coucher - Noir 140x190 cm Tissu -MN93453","1706101081485","AT","GTIN_13","1","516.99","2.0679600000000002","EUR","",""
"9110200704651","OTHER",,"Lit Adulte - Lit à sommier tapissier avec matelas moelleux - Meuble de Chambre à Coucher - Noir 160x200 cm Tissu -MN72052","1706101081501","AT","GTIN_13","1","429.99","1.7199600000000002","EUR","",""
"9110200703326","OTHER",,"Lit Adulte - Lit à sommier tapissier avec matelas moelleux - Meuble de Chambre à Coucher - Noir 140x200 cm Tissu -MN86415","1706101081503","AT","GTIN_13","1","427.99","1.7119600000000004","EUR","",""
"9110200705535","OTHER",,"Lit Adulte - Lit à sommier tapissier avec matelas moelleux - Meuble de Chambre à Coucher - Noir 180x200 cm Tissu -MN80356","1706101081506","AT","GTIN_13","1","705.99","2.82396","EUR","",""
"9110200702817","OTHER",,"Lit Adulte - Lit à sommier tapissier avec matelas moelleux - Meuble de Chambre à Coucher - Noir 140x200 cm Tissu -MN40687","1706101081499","AT","GTIN_13","1","511.99","2.0479600000000002","EUR","",""
"9110200722532","OTHER",,"Lit Adulte - Lit à sommier tapissier et matelas moelleux - Meuble de Chambre à Coucher - Gris foncé 140x200cm Velours -MN49253","1706101082400","AT","GTIN_13","1","504.99","2.01996","EUR","",""
"9110200701971","OTHER",,"Lit Adulte - Lit à sommier tapissier avec matelas moelleux - Meuble de Chambre à Coucher - Noir 140x190 cm Tissu -MN35393","1706101081490","AT","GTIN_13","1","553.99","2.2159600000000004","EUR","",""
"9110200701995","OTHER",,"Lit Adulte - Lit à sommier tapissier avec matelas moelleux - Meuble de Chambre à Coucher - Noir 140x190 cm Tissu -MN39845","1706101081494","AT","GTIN_13","1","560.99","2.2439600000000004","EUR","",""
"9110200721801","OTHER",,"Lit Adulte - Lit à sommier tapissier et matelas moelleux - Meuble de Chambre à Coucher - Gris foncé 140x190cm Velours -MN82178","1706101082409","AT","GTIN_13","1","418.99","1.67596","EUR","",""
"9110200703272","OTHER",,"Lit Adulte - Lit à sommier tapissier avec matelas moelleux - Meuble de Chambre à Coucher - Noir 140x200 cm Tissu -MN15209","1706101081489","AT","GTIN_13","1","606.99","2.4279600000000006","EUR","",""
"9110200740017","OTHER",,"Tête de lit scandinave à LED,meuble de chambre Gris clair 100x5x118/128 cm Tissu -MN61473","1706101088374","AT","GTIN_13","1","126.99","0.5079600000000001","EUR","",""
"9110200737864","OTHER",,"Tête de lit scandinave à LED,meuble de chambre Crème 147x16x78/88 cm Tissu -MN60065","1706101088379","AT","GTIN_13","1","97.99","0.39196000000000003","EUR","",""
"9782856205006","MENGES",,"l'architecture des temps modernes et la formation de l'europe","1706101088381",,"ISBN_13","1","14.0","0.05600000000000001","EUR","MEDIAS > LIVRES",""
"9110200738731","OTHER",,"Tête de lit scandinave à LED,meuble de chambre Crème 80x5x78/88 cm Tissu -MN56923","1706101088378","AT","GTIN_13","1","69.99","0.27996","EUR","",""
"9110200737437","OTHER",,"Tête de lit scandinave à LED,meuble de chambre Crème 103x16x118/128 cm Similicuir -MN90001","1706101088381","AT","GTIN_13","1","120.99","0.48396","EUR","",""
"9110200737901","OTHER",,"Tête de lit scandinave à LED,meuble de chambre Crème 160x5x118/128 cm Tissu -MN54738","1706101088392","AT","GTIN_13","1","145.99","0.5839600000000001","EUR","",""
"9110200738311","OTHER",,"Tête de lit scandinave à LED,meuble de chambre Crème 183x16x118/128 cm Tissu -MN76898","1706101088384","AT","GTIN_13","1","180.99","0.72396","EUR","",""
"9110200739578","OTHER",,"Tête de lit scandinave à LED,meuble de chambre Gris 183x16x118/128 cm Similicuir -MN66645","1706101088378","AT","GTIN_13","1","173.99","0.6959600000000001","EUR","",""
"9786202289061","UNIVERSITAIRES EUROPEENNES",,"l'analyse chimique des roches au service de la géologie","1706101088404",,"ISBN_13","1","5.38","0.02152","EUR","MEDIAS > LIVRES",""
"3358950004867","SIXTRID",,"une folie meurtrière","1706101088411","FR","GTIN_13","1","4.78","0.01912","EUR","MEDIAS > LIVRES ; LIVRES>LITTERATURE",""
"9110200739769","OTHER",,"Tête de lit scandinave à LED,meuble de chambre Gris 83x16x118/128 cm Similicuir -MN39953","1706101088460","AT","GTIN_13","1","104.99","0.41996000000000006","EUR","",""
"3358950004904","SIXTRID",,"la vengeance des cendres","1706101088411","FR","GTIN_13","1","25.9","0.10360000000000001","EUR","MEDIAS > LIVRES",""
"9110200739134","OTHER",,"Tête de lit scandinave à LED,meuble de chambre Crème 93x16x118/128 cm Tissu -MN49950","1706101088380","AT","GTIN_13","1","129.99","0.5199600000000001","EUR","",""
"9110200732302","OTHER",,"Tête de lit scandinave,Meuble de chambre 203,5x3x81 cm Bois massif de pin -MN51816","1706101088134","AT","GTIN_13","1","46.99","0.18796000000000002","EUR","",""
"9782266314664","POCKET JEUNESSE",,"un fabuleux destin","1706101088388",,"ISBN_13","1","1.19","0.00476","EUR","MEDIAS > LIVRES",""
